track_id,track_name,track_danceability,track_energy,track_temp,track_loudness,track_disco_id,disco_id,disco_name,disco_release
6zxPowMr2gKSJzbCAhY36H,Magic (Intro) - From the Infinite Disco Livestream,0.341,0.432,70.727,-6.907,7FuqPFZVmhRJ96S5XajcoJ,7FuqPFZVmhRJ96S5XajcoJ,Infinite Disco,2022-04-08
7uKEjZMEkTwPg8rFqxYIgY,Come into My World (Interlude) - From the Infinite Disco Livestream,0.184,0.501,95.681,-7.52,7FuqPFZVmhRJ96S5XajcoJ,7FuqPFZVmhRJ96S5XajcoJ,Infinite Disco,2022-04-08
4sbZiAHbu9ZvLwh83ZDq4n,I Love It - From the Infinite Disco Livestream,0.6,0.846,119.948,-5.086,7FuqPFZVmhRJ96S5XajcoJ,7FuqPFZVmhRJ96S5XajcoJ,Infinite Disco,2022-04-08
5JzyWCXPtpBBZyveTFPnS9,In Your Eyes - From the Infinite Disco Livestream,0.662,0.801,123.941,-5.954,7FuqPFZVmhRJ96S5XajcoJ,7FuqPFZVmhRJ96S5XajcoJ,Infinite Disco,2022-04-08
7pjtz9ucObOWYdhrnJXbvh,Light Years - From the Infinite Disco Livestream,0.59,0.877,126.001,-6.491,7FuqPFZVmhRJ96S5XajcoJ,7FuqPFZVmhRJ96S5XajcoJ,Infinite Disco,2022-04-08
4BszG7lMVSOpkzObxtJ1j9,Supernova - From the Infinite Disco Livestream,0.638,0.879,123.933,-5.678,7FuqPFZVmhRJ96S5XajcoJ,7FuqPFZVmhRJ96S5XajcoJ,Infinite Disco,2022-04-08
4UpytgtXk9SDB383U39DIt,Light Years (Reprise) - From the Infinite Disco Livestream,0.249,0.635,65.225,-8.74,7FuqPFZVmhRJ96S5XajcoJ,7FuqPFZVmhRJ96S5XajcoJ,Infinite Disco,2022-04-08
2wHXHr3pa0lxapPG41C7Tg,I Should Be so Lucky (Interlude) - From the Infinite Disco Livestream,0.35,0.221,102.561,-14.123,7FuqPFZVmhRJ96S5XajcoJ,7FuqPFZVmhRJ96S5XajcoJ,Infinite Disco,2022-04-08
3Vd3nRriv6j5Phm2E4RiAX,Dance Floor Darling - From the Infinite Disco Livestream,0.449,0.777,107.234,-5.821,7FuqPFZVmhRJ96S5XajcoJ,7FuqPFZVmhRJ96S5XajcoJ,Infinite Disco,2022-04-08
7esBOO0jqQOd6u4FUGmTRm,All the Lovers (with House Gospel Choir) - From the Infinite Disco Livestream,0.558,0.841,119.914,-5.962,7FuqPFZVmhRJ96S5XajcoJ,7FuqPFZVmhRJ96S5XajcoJ,Infinite Disco,2022-04-08
0F1lH9YTXRMtjunlbsqZ1z,Say Something (with House Gospel Choir) - From the Infinite Disco Livestream,0.627,0.857,107.04,-5.179,7FuqPFZVmhRJ96S5XajcoJ,7FuqPFZVmhRJ96S5XajcoJ,Infinite Disco,2022-04-08
3W9Lrxq2wNN0yvsCzigYtm,Real Groove - From the Infinite Disco Livestream,0.785,0.713,116.896,-5.413,7FuqPFZVmhRJ96S5XajcoJ,7FuqPFZVmhRJ96S5XajcoJ,Infinite Disco,2022-04-08
0xZsrT29Goh3L5aGrqdK1H,Slow / Love to Love You Baby - From the Infinite Disco Livestream,0.665,0.785,102.039,-6.511,7FuqPFZVmhRJ96S5XajcoJ,7FuqPFZVmhRJ96S5XajcoJ,Infinite Disco,2022-04-08
5HwgIa33ePCOZdYxP0ooIR,Monday Blues - From the Infinite Disco Livestream,0.732,0.892,128.041,-4.893,7FuqPFZVmhRJ96S5XajcoJ,7FuqPFZVmhRJ96S5XajcoJ,Infinite Disco,2022-04-08
14Z88g82o7qV2K3KlVkODD,Where Does the DJ Go? - From the Infinite Disco Livestream,0.736,0.797,133.059,-5.219,7FuqPFZVmhRJ96S5XajcoJ,7FuqPFZVmhRJ96S5XajcoJ,Infinite Disco,2022-04-08
4TXoLO7SV5OoXHmaMbwmfO,Love at First Sight - From the Infinite Disco Livestream,0.613,0.813,124.982,-4.744,7FuqPFZVmhRJ96S5XajcoJ,7FuqPFZVmhRJ96S5XajcoJ,Infinite Disco,2022-04-08
2HIgjk4AqqOOU5QyoNbPIO,Last Chance - From the Infinite Disco Livestream,0.69,0.911,119.91,-5.708,7FuqPFZVmhRJ96S5XajcoJ,7FuqPFZVmhRJ96S5XajcoJ,Infinite Disco,2022-04-08
7bTYFhVe2zeNB7hYAvYe5G,Magic - From the Infinite Disco Livestream,0.67,0.83,106.016,-5.428,7FuqPFZVmhRJ96S5XajcoJ,7FuqPFZVmhRJ96S5XajcoJ,Infinite Disco,2022-04-08
4ibE9BT956FpgBs3k0ciIS,Magic - Extended Mix,0.684,0.735,106.026,-5.931,29SeXSOfJNZetqkzF7stl9,29SeXSOfJNZetqkzF7stl9,DISCO (Extended Mixes),2021-12-10
7oG8XoJjdlMNYKBiZnXI6m,Miss a Thing - Extended Mix,0.727,0.85,115.024,-6.208,29SeXSOfJNZetqkzF7stl9,29SeXSOfJNZetqkzF7stl9,DISCO (Extended Mixes),2021-12-10
2UmaMJLqv0rCXq2ix35WPa,Real Groove - Extended Mix,0.762,0.66,116.999,-5.45,29SeXSOfJNZetqkzF7stl9,29SeXSOfJNZetqkzF7stl9,DISCO (Extended Mixes),2021-12-10
3ydlKAkjWPIn5cP9LPF7fD,Monday Blues - Extended Mix,0.755,0.816,128.005,-5.347,29SeXSOfJNZetqkzF7stl9,29SeXSOfJNZetqkzF7stl9,DISCO (Extended Mixes),2021-12-10
0fABGf7C0B7U2f0TvGjcli,Supernova - Extended Mix,0.684,0.862,123.98,-4.186,29SeXSOfJNZetqkzF7stl9,29SeXSOfJNZetqkzF7stl9,DISCO (Extended Mixes),2021-12-10
6W2ECdBNRoqVfHLRAPo71h,Say Something - Extended Mix,0.621,0.861,107.013,-5.471,29SeXSOfJNZetqkzF7stl9,29SeXSOfJNZetqkzF7stl9,DISCO (Extended Mixes),2021-12-10
1ei5ZZR1orkUUlxglGqAV4,Last Chance - Extended Mix,0.725,0.787,119.998,-4.128,29SeXSOfJNZetqkzF7stl9,29SeXSOfJNZetqkzF7stl9,DISCO (Extended Mixes),2021-12-10
1q2CeJownCJTzdzraSErXP,I Love It - Extended Mix,0.694,0.825,119.966,-5.098,29SeXSOfJNZetqkzF7stl9,29SeXSOfJNZetqkzF7stl9,DISCO (Extended Mixes),2021-12-10
4738frkPAknK0I2NRAWp7V,Where Does the DJ Go? - Extended Mix,0.798,0.775,132.964,-4.799,29SeXSOfJNZetqkzF7stl9,29SeXSOfJNZetqkzF7stl9,DISCO (Extended Mixes),2021-12-10
0IhTimEc0U9LRnXNqOuQCe,Dance Floor Darling - Extended Mix,0.438,0.753,107.294,-5.103,29SeXSOfJNZetqkzF7stl9,29SeXSOfJNZetqkzF7stl9,DISCO (Extended Mixes),2021-12-10
037BhHlkMy3T5sv6s1i7ui,Unstoppable - Extended Mix,0.757,0.828,120.025,-5.255,29SeXSOfJNZetqkzF7stl9,29SeXSOfJNZetqkzF7stl9,DISCO (Extended Mixes),2021-12-10
7vzpChZZs4ABM1eicGJjsl,Celebrate You - Extended Mix,0.705,0.832,118.022,-5.967,29SeXSOfJNZetqkzF7stl9,29SeXSOfJNZetqkzF7stl9,DISCO (Extended Mixes),2021-12-10
1eaQEyGZ7GxTwD9pvOyuUm,Magic,0.732,0.782,106.048,-4.844,48ausuYzcDZAqD7ML9sPcU,48ausuYzcDZAqD7ML9sPcU,DISCO: Guest List Edition,2021-11-12
4HIBFkvEzvh1dCSJLWrs3h,Miss a Thing,0.715,0.87,114.999,-6.095,48ausuYzcDZAqD7ML9sPcU,48ausuYzcDZAqD7ML9sPcU,DISCO: Guest List Edition,2021-11-12
06nUxOrL0zO1O6AXIQGyG3,Real Groove,0.816,0.596,116.995,-6.122,48ausuYzcDZAqD7ML9sPcU,48ausuYzcDZAqD7ML9sPcU,DISCO: Guest List Edition,2021-11-12
1Pu79jKY5Nasvr1KqtxWhE,Monday Blues,0.688,0.914,128.07,-4.33,48ausuYzcDZAqD7ML9sPcU,48ausuYzcDZAqD7ML9sPcU,DISCO: Guest List Edition,2021-11-12
4dYjdil4dUSEsdsjiGYd4i,Supernova,0.568,0.929,124.0,-3.274,48ausuYzcDZAqD7ML9sPcU,48ausuYzcDZAqD7ML9sPcU,DISCO: Guest List Edition,2021-11-12
7wYHzDOBDzKjnboVQNKhN2,Say Something,0.635,0.845,107.013,-4.816,48ausuYzcDZAqD7ML9sPcU,48ausuYzcDZAqD7ML9sPcU,DISCO: Guest List Edition,2021-11-12
6oOrGosHjR86tJePXzgMPb,Last Chance,0.592,0.962,119.899,-3.897,48ausuYzcDZAqD7ML9sPcU,48ausuYzcDZAqD7ML9sPcU,DISCO: Guest List Edition,2021-11-12
6kj7sSnW4pNYXxp6DPvJSJ,I Love It,0.573,0.85,119.873,-4.064,48ausuYzcDZAqD7ML9sPcU,48ausuYzcDZAqD7ML9sPcU,DISCO: Guest List Edition,2021-11-12
6Dg1zup2zSFedEzGzK4aPe,Where Does the DJ Go?,0.771,0.82,133.002,-4.398,48ausuYzcDZAqD7ML9sPcU,48ausuYzcDZAqD7ML9sPcU,DISCO: Guest List Edition,2021-11-12
19NqcVhzR4dcE2IfzxVTJU,Dance Floor Darling,0.429,0.803,107.295,-4.611,48ausuYzcDZAqD7ML9sPcU,48ausuYzcDZAqD7ML9sPcU,DISCO: Guest List Edition,2021-11-12
64xgD7ogQMKSrwTniJuvPT,Unstoppable,0.756,0.769,120.008,-5.024,48ausuYzcDZAqD7ML9sPcU,48ausuYzcDZAqD7ML9sPcU,DISCO: Guest List Edition,2021-11-12
2uaa6oYRtG1HRc8QvUnuyr,Celebrate You,0.6,0.85,117.961,-5.064,48ausuYzcDZAqD7ML9sPcU,48ausuYzcDZAqD7ML9sPcU,DISCO: Guest List Edition,2021-11-12
6otnKcOKKcWrA3bFDdaBjR,Till You Love Somebody,0.676,0.903,111.973,-4.323,48ausuYzcDZAqD7ML9sPcU,48ausuYzcDZAqD7ML9sPcU,DISCO: Guest List Edition,2021-11-12
3QTsfaTAKKkOAzVxfIMWtw,Fine Wine,0.78,0.881,120.032,-4.537,48ausuYzcDZAqD7ML9sPcU,48ausuYzcDZAqD7ML9sPcU,DISCO: Guest List Edition,2021-11-12
4xtUNm4zilnoQisa5lHEp3,Hey Lonely,0.741,0.853,127.954,-6.384,48ausuYzcDZAqD7ML9sPcU,48ausuYzcDZAqD7ML9sPcU,DISCO: Guest List Edition,2021-11-12
4g10nJDHyLi6mhvaXtKKN5,Spotlight,0.744,0.824,124.985,-5.627,48ausuYzcDZAqD7ML9sPcU,48ausuYzcDZAqD7ML9sPcU,DISCO: Guest List Edition,2021-11-12
3WYqZhwammjFtFLfZfT38u,A Second to Midnight,0.803,0.764,122.014,-5.233,48ausuYzcDZAqD7ML9sPcU,48ausuYzcDZAqD7ML9sPcU,DISCO: Guest List Edition,2021-11-12
39ZodJWhyGqHZw2uNMr8mj,Kiss of Life,0.694,0.822,123.922,-6.124,48ausuYzcDZAqD7ML9sPcU,48ausuYzcDZAqD7ML9sPcU,DISCO: Guest List Edition,2021-11-12
36AHZnLUtm7QmS1VhuxeiF,Can't Stop Writing Songs About You,0.754,0.828,101.035,-5.226,48ausuYzcDZAqD7ML9sPcU,48ausuYzcDZAqD7ML9sPcU,DISCO: Guest List Edition,2021-11-12
2Qs0qG326Ms5mtFzeH5ewp,Real Groove - Studio 2054 Remix,0.767,0.643,119.981,-6.178,48ausuYzcDZAqD7ML9sPcU,48ausuYzcDZAqD7ML9sPcU,DISCO: Guest List Edition,2021-11-12
1MYI6K0RdSC013yoWXG8U3,Say Something - Basement Jaxx Remix,0.717,0.838,125.02,-9.202,48ausuYzcDZAqD7ML9sPcU,48ausuYzcDZAqD7ML9sPcU,DISCO: Guest List Edition,2021-11-12
3PkV1XtwCrdNHA1iYFzCVK,Say Something - F9 Club Mix,0.566,0.934,120.997,-5.065,48ausuYzcDZAqD7ML9sPcU,48ausuYzcDZAqD7ML9sPcU,DISCO: Guest List Edition,2021-11-12
0OltmGIZPVuqeh9sX8PAzP,Say Something - Syn Cole Extended Mix,0.707,0.732,124.011,-5.053,48ausuYzcDZAqD7ML9sPcU,48ausuYzcDZAqD7ML9sPcU,DISCO: Guest List Edition,2021-11-12
4QNc9N0xECc90SHCd8kyy3,Magic - Purple Disco Machine Extended Mix,0.778,0.756,118.007,-6.331,48ausuYzcDZAqD7ML9sPcU,48ausuYzcDZAqD7ML9sPcU,DISCO: Guest List Edition,2021-11-12
1zFBtgQqy24SnTHlf0ir17,Real Groove (feat. Dua Lipa) - Studio 2054 Initial Talk Remix,0.668,0.933,119.97,-4.64,48ausuYzcDZAqD7ML9sPcU,48ausuYzcDZAqD7ML9sPcU,DISCO: Guest List Edition,2021-11-12
3sulrbP7EKceSCQPMUimiZ,Dance Floor Darling - Linslee's Electric Slide Remix,0.711,0.782,114.029,-5.17,48ausuYzcDZAqD7ML9sPcU,48ausuYzcDZAqD7ML9sPcU,DISCO: Guest List Edition,2021-11-12
0I4658wYMK45Ffx1IlKRjG,Magic,0.732,0.782,106.048,-4.844,7EBIA9cqbuqkyWfp3UCitD,7EBIA9cqbuqkyWfp3UCitD,DISCO (Deluxe),2020-11-06
2rhWHc0UBesug1jvEupeBz,Miss a Thing,0.715,0.87,114.999,-6.095,7EBIA9cqbuqkyWfp3UCitD,7EBIA9cqbuqkyWfp3UCitD,DISCO (Deluxe),2020-11-06
6E6F7dSFvpV6NRBjcSZpEP,Real Groove,0.816,0.596,116.995,-6.122,7EBIA9cqbuqkyWfp3UCitD,7EBIA9cqbuqkyWfp3UCitD,DISCO (Deluxe),2020-11-06
5nbbip1PNoj2qGDk78jhtS,Monday Blues,0.688,0.914,128.07,-4.33,7EBIA9cqbuqkyWfp3UCitD,7EBIA9cqbuqkyWfp3UCitD,DISCO (Deluxe),2020-11-06
2kYDYNJcZyEADRXwoZgQUk,Supernova,0.568,0.929,124.0,-3.274,7EBIA9cqbuqkyWfp3UCitD,7EBIA9cqbuqkyWfp3UCitD,DISCO (Deluxe),2020-11-06
6FG0Mgz3S4aiCIheLLzJTr,Say Something,0.635,0.845,107.013,-4.816,7EBIA9cqbuqkyWfp3UCitD,7EBIA9cqbuqkyWfp3UCitD,DISCO (Deluxe),2020-11-06
0wxoaq47Mntk6Mim0yy9Cp,Last Chance,0.592,0.962,119.899,-3.897,7EBIA9cqbuqkyWfp3UCitD,7EBIA9cqbuqkyWfp3UCitD,DISCO (Deluxe),2020-11-06
6g225JcOUd88PRslWGsRD3,I Love It,0.573,0.85,119.873,-4.064,7EBIA9cqbuqkyWfp3UCitD,7EBIA9cqbuqkyWfp3UCitD,DISCO (Deluxe),2020-11-06
3H69LHx93IQP4v5JFu4jqu,Where Does the DJ Go?,0.771,0.82,133.002,-4.398,7EBIA9cqbuqkyWfp3UCitD,7EBIA9cqbuqkyWfp3UCitD,DISCO (Deluxe),2020-11-06
6xirsz3SXZ60Ra1RpMTjKv,Dance Floor Darling,0.429,0.803,107.295,-4.611,7EBIA9cqbuqkyWfp3UCitD,7EBIA9cqbuqkyWfp3UCitD,DISCO (Deluxe),2020-11-06
1TyxgwasQgjzAHLE9fHzjC,Unstoppable,0.756,0.769,120.008,-5.024,7EBIA9cqbuqkyWfp3UCitD,7EBIA9cqbuqkyWfp3UCitD,DISCO (Deluxe),2020-11-06
4aBgnyu1gwtanXDV5qoLKr,Celebrate You,0.6,0.85,117.961,-5.064,7EBIA9cqbuqkyWfp3UCitD,7EBIA9cqbuqkyWfp3UCitD,DISCO (Deluxe),2020-11-06
61azckTbJNojkY0OFmy0vL,Till You Love Somebody,0.676,0.903,111.973,-4.323,7EBIA9cqbuqkyWfp3UCitD,7EBIA9cqbuqkyWfp3UCitD,DISCO (Deluxe),2020-11-06
5xSVRg9CYfWoR5GGXnngBV,Fine Wine,0.78,0.881,120.032,-4.537,7EBIA9cqbuqkyWfp3UCitD,7EBIA9cqbuqkyWfp3UCitD,DISCO (Deluxe),2020-11-06
5TISDUUIHSAzzdYAfjSBDO,Hey Lonely,0.741,0.853,127.954,-6.384,7EBIA9cqbuqkyWfp3UCitD,7EBIA9cqbuqkyWfp3UCitD,DISCO (Deluxe),2020-11-06
6BwfMUZAR2OFb9mpqmfi7v,Spotlight,0.744,0.824,124.985,-5.627,7EBIA9cqbuqkyWfp3UCitD,7EBIA9cqbuqkyWfp3UCitD,DISCO (Deluxe),2020-11-06
6aTNHcV3CnDuGc4eQNMVpb,Golden Intro - Live,0.229,0.659,101.41,-12.411,7AKOsqGksYI7n8nsCNYP60,7AKOsqGksYI7n8nsCNYP60,Golden: Live in Concert,2019-12-06
1zcRIeWXa06DuJ6Pb2SQr0,Golden - Live,0.658,0.796,102.019,-7.591,7AKOsqGksYI7n8nsCNYP60,7AKOsqGksYI7n8nsCNYP60,Golden: Live in Concert,2019-12-06
72vTIhb67kLwJxOisT3Udk,Get Outta My Way - Live,0.583,0.879,128.02,-7.446,7AKOsqGksYI7n8nsCNYP60,7AKOsqGksYI7n8nsCNYP60,Golden: Live in Concert,2019-12-06
2EmOYgV9NIPiafwu4p0y1H,Better the Devil You Know - Live,0.602,0.923,123.925,-7.714,7AKOsqGksYI7n8nsCNYP60,7AKOsqGksYI7n8nsCNYP60,Golden: Live in Concert,2019-12-06
6MkAXl4IYEjpM37TkvjS6N,Blue Velvet - Live,0.306,0.316,81.585,-12.845,7AKOsqGksYI7n8nsCNYP60,7AKOsqGksYI7n8nsCNYP60,Golden: Live in Concert,2019-12-06
6FSZMYFSSqVEdVQ05b5VHG,Confide in Me - Live,0.53,0.476,108.978,-9.865,7AKOsqGksYI7n8nsCNYP60,7AKOsqGksYI7n8nsCNYP60,Golden: Live in Concert,2019-12-06
4bVnLxsaDg2X0G1Fwu8YzP,I Believe in You - Live,0.435,0.837,123.971,-9.086,7AKOsqGksYI7n8nsCNYP60,7AKOsqGksYI7n8nsCNYP60,Golden: Live in Concert,2019-12-06
697kWRLyvYiFSF0TdKavRH,Where the Wild Roses Grow - Live,0.3,0.398,175.721,-16.008,7AKOsqGksYI7n8nsCNYP60,7AKOsqGksYI7n8nsCNYP60,Golden: Live in Concert,2019-12-06
4h9Nyz7LfEVavs6vU5nVER,In Your Eyes - Live,0.426,0.743,123.938,-9.122,7AKOsqGksYI7n8nsCNYP60,7AKOsqGksYI7n8nsCNYP60,Golden: Live in Concert,2019-12-06
0hFpMYazP0lpqr2EmHFG1I,Lifetime to Repair - Live,0.694,0.509,115.044,-9.498,7AKOsqGksYI7n8nsCNYP60,7AKOsqGksYI7n8nsCNYP60,Golden: Live in Concert,2019-12-06
3EyQFmBbGWVAAcnS4x2pM9,Shelby '68 - Live,0.564,0.615,92.966,-10.733,7AKOsqGksYI7n8nsCNYP60,7AKOsqGksYI7n8nsCNYP60,Golden: Live in Concert,2019-12-06
1Xc3OIq5UCLap0mXrqS4DX,Radio On - Live,0.518,0.447,87.995,-10.391,7AKOsqGksYI7n8nsCNYP60,7AKOsqGksYI7n8nsCNYP60,Golden: Live in Concert,2019-12-06
4wj8cNZ7kkhtrWU5AOzPiD,Wow - Live,0.728,0.746,124.007,-8.292,7AKOsqGksYI7n8nsCNYP60,7AKOsqGksYI7n8nsCNYP60,Golden: Live in Concert,2019-12-06
32aO6tPxOiLJVK5ZRIY4JH,Can't Get You Out of My Head - Live,0.548,0.834,129.971,-7.589,7AKOsqGksYI7n8nsCNYP60,7AKOsqGksYI7n8nsCNYP60,Golden: Live in Concert,2019-12-06
3etk9rliuKLEhoHhFVE1eG,The Chain - Live,0.398,0.955,155.061,-9.012,7AKOsqGksYI7n8nsCNYP60,7AKOsqGksYI7n8nsCNYP60,Golden: Live in Concert,2019-12-06
6XcViaEvRchVw3kNbGnfN9,Slow / Being Boiled - Live,0.647,0.721,107.978,-11.974,7AKOsqGksYI7n8nsCNYP60,7AKOsqGksYI7n8nsCNYP60,Golden: Live in Concert,2019-12-06
0hr3QRBLRkSypD2kzjbLgx,Kids - Live,0.541,0.845,92.407,-7.45,7AKOsqGksYI7n8nsCNYP60,7AKOsqGksYI7n8nsCNYP60,Golden: Live in Concert,2019-12-06
2VPTyAJNIfaBhnWICWXXlm,The One - Live,0.32,0.641,127.9,-9.227,7AKOsqGksYI7n8nsCNYP60,7AKOsqGksYI7n8nsCNYP60,Golden: Live in Concert,2019-12-06
6tQRngPVdxxtopH4TfPlMa,Stop Me from Falling - Live,0.356,0.771,113.296,-7.785,7AKOsqGksYI7n8nsCNYP60,7AKOsqGksYI7n8nsCNYP60,Golden: Live in Concert,2019-12-06
1ZIaHyUsJWHIVfUP40FEO3,Wouldn't Change a Thing - Live,0.603,0.674,111.968,-9.704,7AKOsqGksYI7n8nsCNYP60,7AKOsqGksYI7n8nsCNYP60,Golden: Live in Concert,2019-12-06
4ZBfUqumSuhKfS1YYztLfU,I'll Still Be Loving You - Live,0.463,0.431,111.753,-9.963,7AKOsqGksYI7n8nsCNYP60,7AKOsqGksYI7n8nsCNYP60,Golden: Live in Concert,2019-12-06
5iOmPkYER1C3K7AcHeIbns,Especially for You - Live,0.481,0.793,80.048,-8.293,7AKOsqGksYI7n8nsCNYP60,7AKOsqGksYI7n8nsCNYP60,Golden: Live in Concert,2019-12-06
6gHTNpuQmSCTywwnd5ZX9n,Lost Without You - Live,0.471,0.629,93.825,-8.733,7AKOsqGksYI7n8nsCNYP60,7AKOsqGksYI7n8nsCNYP60,Golden: Live in Concert,2019-12-06
58ZPmO40Ngxia3lXrEQnIT,All the Lovers - Live,0.555,0.568,120.007,-8.894,7AKOsqGksYI7n8nsCNYP60,7AKOsqGksYI7n8nsCNYP60,Golden: Live in Concert,2019-12-06
57mzi3rHMe8PKvBf3uPNTK,New York City - Live,0.677,0.796,122.001,-9.821,7AKOsqGksYI7n8nsCNYP60,7AKOsqGksYI7n8nsCNYP60,Golden: Live in Concert,2019-12-06
18bWaOzxGT1cu8TErbFDV7,Raining Glitter - Live,0.616,0.834,122.963,-7.177,7AKOsqGksYI7n8nsCNYP60,7AKOsqGksYI7n8nsCNYP60,Golden: Live in Concert,2019-12-06
1lAyw4U5TkVUpVXLn81Jn1,On a Night Like This - Live,0.579,0.914,127.977,-7.487,7AKOsqGksYI7n8nsCNYP60,7AKOsqGksYI7n8nsCNYP60,Golden: Live in Concert,2019-12-06
2IArX2x5oXHs7US3Y1buGu,The Loco-Motion - Live,0.697,0.946,127.998,-8.438,7AKOsqGksYI7n8nsCNYP60,7AKOsqGksYI7n8nsCNYP60,Golden: Live in Concert,2019-12-06
17CMeJ1lPLnKRuuphR3G7Y,Spinning Around - Live,0.541,0.898,124.006,-7.274,7AKOsqGksYI7n8nsCNYP60,7AKOsqGksYI7n8nsCNYP60,Golden: Live in Concert,2019-12-06
2UkUQOyipFhviypnlcbonx,Love at First Sight - Live,0.571,0.815,127.99,-7.754,7AKOsqGksYI7n8nsCNYP60,7AKOsqGksYI7n8nsCNYP60,Golden: Live in Concert,2019-12-06
6ysFwo70InXH6ZoeqWHLdN,Dancing - Live,0.47,0.804,109.935,-7.843,7AKOsqGksYI7n8nsCNYP60,7AKOsqGksYI7n8nsCNYP60,Golden: Live in Concert,2019-12-06
5MsZuMAlhpfoQe9NIx5NcF,Dancing,0.487,0.656,109.812,-6.627,5vroCXY4FWNiIAovi5KsQB,5vroCXY4FWNiIAovi5KsQB,Golden,2018-04-06
06tyDruXw0XzM0ASVmIR37,Stop Me from Falling,0.615,0.73,112.904,-4.441,5vroCXY4FWNiIAovi5KsQB,5vroCXY4FWNiIAovi5KsQB,Golden,2018-04-06
7Cap2DKtDKo0u54IQebUaE,Golden,0.635,0.75,102.055,-4.658,5vroCXY4FWNiIAovi5KsQB,5vroCXY4FWNiIAovi5KsQB,Golden,2018-04-06
0Zp9nCq2j9AXJoZ6mn3kzF,A Lifetime to Repair,0.679,0.642,115.002,-3.482,5vroCXY4FWNiIAovi5KsQB,5vroCXY4FWNiIAovi5KsQB,Golden,2018-04-06
5nzISEeYq2xfQiYxZl78sY,Sincerely Yours,0.579,0.627,85.04,-4.946,5vroCXY4FWNiIAovi5KsQB,5vroCXY4FWNiIAovi5KsQB,Golden,2018-04-06
1b8D2IpqKMeweXW91n3rY8,One Last Kiss,0.518,0.882,114.897,-3.978,5vroCXY4FWNiIAovi5KsQB,5vroCXY4FWNiIAovi5KsQB,Golden,2018-04-06
2ZY0jsivcWp8KX5BsYkriT,Live a Little,0.649,0.784,109.981,-4.834,5vroCXY4FWNiIAovi5KsQB,5vroCXY4FWNiIAovi5KsQB,Golden,2018-04-06
402tJQLOb6vlVPpdv5p3Wv,Shelby '68,0.605,0.807,92.968,-6.138,5vroCXY4FWNiIAovi5KsQB,5vroCXY4FWNiIAovi5KsQB,Golden,2018-04-06
2d1La8JUubXi3zUe6H6eau,Radio On,0.535,0.512,88.026,-5.986,5vroCXY4FWNiIAovi5KsQB,5vroCXY4FWNiIAovi5KsQB,Golden,2018-04-06
3X5hQE3OojrctTBsl4KcdG,Love,0.432,0.695,149.887,-4.577,5vroCXY4FWNiIAovi5KsQB,5vroCXY4FWNiIAovi5KsQB,Golden,2018-04-06
4uv94t119y9ISgd7U1nWnL,Raining Glitter,0.597,0.886,122.961,-4.065,5vroCXY4FWNiIAovi5KsQB,5vroCXY4FWNiIAovi5KsQB,Golden,2018-04-06
2BIwojQkhQYB5lPVoqMXTo,Music's Too Sad Without You,0.39,0.577,159.85,-6.629,5vroCXY4FWNiIAovi5KsQB,5vroCXY4FWNiIAovi5KsQB,Golden,2018-04-06
6T2GmySGe8Ph4xByulFHFA,Lost Without You,0.388,0.79,93.745,-5.279,5vroCXY4FWNiIAovi5KsQB,5vroCXY4FWNiIAovi5KsQB,Golden,2018-04-06
6mvw8cIIprcE1ktKQz5yxo,Every Little Part of Me,0.66,0.879,110.072,-3.317,5vroCXY4FWNiIAovi5KsQB,5vroCXY4FWNiIAovi5KsQB,Golden,2018-04-06
3wzCC7odtdS1l9NTfdeE5P,Rollin',0.657,0.796,113.979,-4.635,5vroCXY4FWNiIAovi5KsQB,5vroCXY4FWNiIAovi5KsQB,Golden,2018-04-06
5gsUgLDCENVj0VDtRybHu0,Low Blow,0.89,0.738,119.986,-4.199,5vroCXY4FWNiIAovi5KsQB,5vroCXY4FWNiIAovi5KsQB,Golden,2018-04-06
16FbHwKRPjfCgdyJAoAlKW,Stop Me from Falling,0.576,0.894,113.144,-2.286,5vroCXY4FWNiIAovi5KsQB,5vroCXY4FWNiIAovi5KsQB,Golden,2018-04-06
4xjKPpeWbUCgQo6VnJLHZB,It's the Most Wonderful Time of the Year,0.201,0.762,202.936,-5.802,27kFmSAWcM5QRPzpbl1gvI,27kFmSAWcM5QRPzpbl1gvI,Kylie Christmas (Snow Queen Edition),2016-11-25
49KLGV7yCBkELSc74Dpfvk,Santa Claus Is Coming to Town (feat. Frank Sinatra),0.465,0.536,142.202,-6.719,27kFmSAWcM5QRPzpbl1gvI,27kFmSAWcM5QRPzpbl1gvI,Kylie Christmas (Snow Queen Edition),2016-11-25
5F4HinmPjVO6AUZlJkXEGN,Winter Wonderland,0.568,0.507,131.815,-7.986,27kFmSAWcM5QRPzpbl1gvI,27kFmSAWcM5QRPzpbl1gvI,Kylie Christmas (Snow Queen Edition),2016-11-25
77zq8twpxGTmTTPGV8fSPe,Only You (with James Corden),0.483,0.301,94.979,-10.247,27kFmSAWcM5QRPzpbl1gvI,27kFmSAWcM5QRPzpbl1gvI,Kylie Christmas (Snow Queen Edition),2016-11-25
53mMJT7IYRXCTPQCy1xOlJ,Stay Another Day,0.257,0.241,79.887,-9.426,27kFmSAWcM5QRPzpbl1gvI,27kFmSAWcM5QRPzpbl1gvI,Kylie Christmas (Snow Queen Edition),2016-11-25
3kyZcS729JZYDVJvxjsCbl,Christmas Wrapping (with Iggy Pop),0.678,0.894,111.059,-5.877,27kFmSAWcM5QRPzpbl1gvI,27kFmSAWcM5QRPzpbl1gvI,Kylie Christmas (Snow Queen Edition),2016-11-25
3gh7XKogco53YM1AGJ0OGD,At Christmas,0.794,0.732,136.992,-5.618,27kFmSAWcM5QRPzpbl1gvI,27kFmSAWcM5QRPzpbl1gvI,Kylie Christmas (Snow Queen Edition),2016-11-25
5JTVYwAuZqJ8oppHqiCkv7,I'm Gonna Be Warm This Winter,0.385,0.881,168.138,-4.929,27kFmSAWcM5QRPzpbl1gvI,27kFmSAWcM5QRPzpbl1gvI,Kylie Christmas (Snow Queen Edition),2016-11-25
7wqcsmiBseNsFcegPwborx,Every Day's Like Christmas,0.525,0.608,120.013,-8.782,27kFmSAWcM5QRPzpbl1gvI,27kFmSAWcM5QRPzpbl1gvI,Kylie Christmas (Snow Queen Edition),2016-11-25
0xayyhWqB60xkkcZ6A4v71,Wonderful Christmastime (with MIKA),0.672,0.498,94.663,-7.407,27kFmSAWcM5QRPzpbl1gvI,27kFmSAWcM5QRPzpbl1gvI,Kylie Christmas (Snow Queen Edition),2016-11-25
0hsSA8Mr4g1ZCSUtQyrcy1,100 Degrees (with Dannii Minogue),0.663,0.805,129.986,-7.077,27kFmSAWcM5QRPzpbl1gvI,27kFmSAWcM5QRPzpbl1gvI,Kylie Christmas (Snow Queen Edition),2016-11-25
1shTnIoDu0xgjX0s56Hhdi,Let It Snow - New Version 2015,0.382,0.443,137.146,-7.356,27kFmSAWcM5QRPzpbl1gvI,27kFmSAWcM5QRPzpbl1gvI,Kylie Christmas (Snow Queen Edition),2016-11-25
3N2Amqgj7DrQ5TtjRK9aEg,I Wish It Could Be Christmas Everyday,0.383,0.908,141.972,-3.385,27kFmSAWcM5QRPzpbl1gvI,27kFmSAWcM5QRPzpbl1gvI,Kylie Christmas (Snow Queen Edition),2016-11-25
5ZxfP4FxvSpdtLVgpCRk8I,White December,0.624,0.893,110.034,-6.215,27kFmSAWcM5QRPzpbl1gvI,27kFmSAWcM5QRPzpbl1gvI,Kylie Christmas (Snow Queen Edition),2016-11-25
4PdTPudPwWwyD9Qi5zhXu2,2000 Miles,0.227,0.346,179.561,-8.802,27kFmSAWcM5QRPzpbl1gvI,27kFmSAWcM5QRPzpbl1gvI,Kylie Christmas (Snow Queen Edition),2016-11-25
1w7gR31YOX9PzChlML0ZDg,Santa Baby,0.675,0.384,86.953,-7.12,27kFmSAWcM5QRPzpbl1gvI,27kFmSAWcM5QRPzpbl1gvI,Kylie Christmas (Snow Queen Edition),2016-11-25
4LeHJCJoTNoW8B5iOp3PCY,Christmas Isn't Christmas 'Til You Get Here,0.595,0.742,90.986,-6.382,27kFmSAWcM5QRPzpbl1gvI,27kFmSAWcM5QRPzpbl1gvI,Kylie Christmas (Snow Queen Edition),2016-11-25
4XsgN0XQMao7G5TO0b691Z,Have Yourself a Merry Little Christmas,0.206,0.189,84.427,-12.167,27kFmSAWcM5QRPzpbl1gvI,27kFmSAWcM5QRPzpbl1gvI,Kylie Christmas (Snow Queen Edition),2016-11-25
6DKdmOuxFuBT4NxSDes3Jg,Oh Santa,0.665,0.437,118.077,-7.423,27kFmSAWcM5QRPzpbl1gvI,27kFmSAWcM5QRPzpbl1gvI,Kylie Christmas (Snow Queen Edition),2016-11-25
2m9dYiKHpMQHyUn4S6CPoW,Cried out Christmas,0.235,0.634,204.314,-5.767,27kFmSAWcM5QRPzpbl1gvI,27kFmSAWcM5QRPzpbl1gvI,Kylie Christmas (Snow Queen Edition),2016-11-25
4ZcKDTBR4a43ZUQYVDYkQ5,Christmas Lights,0.279,0.345,131.302,-10.456,27kFmSAWcM5QRPzpbl1gvI,27kFmSAWcM5QRPzpbl1gvI,Kylie Christmas (Snow Queen Edition),2016-11-25
3Jl06JigvgG25BjVdwooiV,Everybody's Free (To Feel Good),0.476,0.379,123.023,-7.733,27kFmSAWcM5QRPzpbl1gvI,27kFmSAWcM5QRPzpbl1gvI,Kylie Christmas (Snow Queen Edition),2016-11-25
49jMerNnYzJg6LBfLjMzWT,It's the Most Wonderful Time of the Year,0.201,0.762,202.936,-5.802,0XRlr1kD7uPfLb0RxQKt6W,0XRlr1kD7uPfLb0RxQKt6W,Kylie Christmas,2015-11-13
5Aky21wFrbTmm90wcvua4o,Santa Claus Is Coming to Town (feat. Frank Sinatra),0.465,0.536,142.202,-6.719,0XRlr1kD7uPfLb0RxQKt6W,0XRlr1kD7uPfLb0RxQKt6W,Kylie Christmas,2015-11-13
7jxK15ZEaXqGl1FDLxKMJR,Winter Wonderland,0.568,0.507,131.815,-7.986,0XRlr1kD7uPfLb0RxQKt6W,0XRlr1kD7uPfLb0RxQKt6W,Kylie Christmas,2015-11-13
3yV0qNvuSKPE9rNnLwgvj2,Christmas Wrapping (with Iggy Pop),0.678,0.894,111.059,-5.877,0XRlr1kD7uPfLb0RxQKt6W,0XRlr1kD7uPfLb0RxQKt6W,Kylie Christmas,2015-11-13
3eKBpzfhNmaakobLdkTZjf,Only You (with James Corden),0.483,0.301,94.979,-10.247,0XRlr1kD7uPfLb0RxQKt6W,0XRlr1kD7uPfLb0RxQKt6W,Kylie Christmas,2015-11-13
5SHJvjrwjqWfeBIQAI4DPg,I'm Gonna Be Warm This Winter,0.382,0.809,168.604,-7.592,0XRlr1kD7uPfLb0RxQKt6W,0XRlr1kD7uPfLb0RxQKt6W,Kylie Christmas,2015-11-13
5xjj2WjQVC4Ar8UNIvSUiL,Every Day's Like Christmas,0.525,0.608,120.013,-8.782,0XRlr1kD7uPfLb0RxQKt6W,0XRlr1kD7uPfLb0RxQKt6W,Kylie Christmas,2015-11-13
758Xp7wi4eK0S58yglZjHl,Let It Snow - New Version 2015,0.382,0.443,137.146,-7.356,0XRlr1kD7uPfLb0RxQKt6W,0XRlr1kD7uPfLb0RxQKt6W,Kylie Christmas,2015-11-13
4vLC0bmaJRpvlc7p7LppdB,White December,0.624,0.893,110.034,-6.215,0XRlr1kD7uPfLb0RxQKt6W,0XRlr1kD7uPfLb0RxQKt6W,Kylie Christmas,2015-11-13
15UnZ4wpGqT1iImGExnabz,2000 Miles,0.227,0.346,179.561,-8.802,0XRlr1kD7uPfLb0RxQKt6W,0XRlr1kD7uPfLb0RxQKt6W,Kylie Christmas,2015-11-13
2SBr3MK1sdMs8IxdRcN6qz,Santa Baby,0.675,0.384,86.953,-7.12,0XRlr1kD7uPfLb0RxQKt6W,0XRlr1kD7uPfLb0RxQKt6W,Kylie Christmas,2015-11-13
5HEoFTnu7lSHRAVc2PYln5,Christmas Isn't Christmas 'Til You Get Here,0.595,0.742,90.986,-6.382,0XRlr1kD7uPfLb0RxQKt6W,0XRlr1kD7uPfLb0RxQKt6W,Kylie Christmas,2015-11-13
4XoelyEaoc08gFmoFNUzKo,Have Yourself a Merry Little Christmas,0.206,0.189,84.427,-12.167,0XRlr1kD7uPfLb0RxQKt6W,0XRlr1kD7uPfLb0RxQKt6W,Kylie Christmas,2015-11-13
4LZ7I87Cn5lYdK1fwL3RJR,Into the Blue,0.507,0.678,114.978,-4.836,3SvMCKrWE3hkxodt5kopLB,3SvMCKrWE3hkxodt5kopLB,Kiss Me Once,2014-03-14
1jmSj6Aq55ZanZep5VX8py,Million Miles,0.61,0.783,138.018,-3.386,3SvMCKrWE3hkxodt5kopLB,3SvMCKrWE3hkxodt5kopLB,Kiss Me Once,2014-03-14
5Cg0rZQRGhCuS1EYwjCiXq,I Was Gonna Cancel,0.74,0.846,119.949,-3.507,3SvMCKrWE3hkxodt5kopLB,3SvMCKrWE3hkxodt5kopLB,Kiss Me Once,2014-03-14
16ozafqePO9hS0xSRKFeEw,Sexy Love,0.673,0.906,116.969,-2.891,3SvMCKrWE3hkxodt5kopLB,3SvMCKrWE3hkxodt5kopLB,Kiss Me Once,2014-03-14
5IKXJXvM5loTSqT58D1Wcl,Sexercize,0.548,0.806,139.81,-4.736,3SvMCKrWE3hkxodt5kopLB,3SvMCKrWE3hkxodt5kopLB,Kiss Me Once,2014-03-14
2w4JaEtdVSeHs21Na4Zd6n,Feels so Good,0.65,0.721,118.033,-4.413,3SvMCKrWE3hkxodt5kopLB,3SvMCKrWE3hkxodt5kopLB,Kiss Me Once,2014-03-14
38aO0jQ1QPu61iayf7ViF8,If Only,0.438,0.773,143.981,-5.839,3SvMCKrWE3hkxodt5kopLB,3SvMCKrWE3hkxodt5kopLB,Kiss Me Once,2014-03-14
2nM2iqvHV2EmztKra8zVK5,Les Sex,0.746,0.872,111.996,-5.526,3SvMCKrWE3hkxodt5kopLB,3SvMCKrWE3hkxodt5kopLB,Kiss Me Once,2014-03-14
1Q0LLwDkFrNOADaIkTSnAK,Kiss Me Once,0.566,0.871,107.019,-4.175,3SvMCKrWE3hkxodt5kopLB,3SvMCKrWE3hkxodt5kopLB,Kiss Me Once,2014-03-14
2kc4KnUl5W9jtboHy7vvbX,Beautiful,0.373,0.467,90.656,-5.788,3SvMCKrWE3hkxodt5kopLB,3SvMCKrWE3hkxodt5kopLB,Kiss Me Once,2014-03-14
2znd9z5JQNo6PDTTSa0ECM,Fine,0.631,0.873,122.055,-3.448,3SvMCKrWE3hkxodt5kopLB,3SvMCKrWE3hkxodt5kopLB,Kiss Me Once,2014-03-14
5e7nUl84jbglQYtjkScabM,Into the Blue,0.507,0.678,114.978,-4.836,6RCOAR93Gi157qwW771xFG,6RCOAR93Gi157qwW771xFG,Kiss Me Once (Special Edition),2014-03-14
1Y7GyVbTNyIVBJr25hmVxm,Million Miles,0.61,0.783,138.018,-3.386,6RCOAR93Gi157qwW771xFG,6RCOAR93Gi157qwW771xFG,Kiss Me Once (Special Edition),2014-03-14
4WiQmOTCwKGeq4IUKxQOZg,I Was Gonna Cancel,0.74,0.773,119.951,-5.667,6RCOAR93Gi157qwW771xFG,6RCOAR93Gi157qwW771xFG,Kiss Me Once (Special Edition),2014-03-14
5ZEm9wX8MwWLARMOwlarWD,Sexy Love,0.673,0.906,116.969,-2.891,6RCOAR93Gi157qwW771xFG,6RCOAR93Gi157qwW771xFG,Kiss Me Once (Special Edition),2014-03-14
1bpjqF4mFCOcxs5xNzrchH,Sexercize,0.548,0.806,139.81,-4.736,6RCOAR93Gi157qwW771xFG,6RCOAR93Gi157qwW771xFG,Kiss Me Once (Special Edition),2014-03-14
2Ryzxo7d6yO1glZTBAu4uN,Feels so Good,0.65,0.721,118.033,-4.413,6RCOAR93Gi157qwW771xFG,6RCOAR93Gi157qwW771xFG,Kiss Me Once (Special Edition),2014-03-14
1c4yHqkY1pYXGN32w1rw8h,If Only,0.438,0.773,143.981,-5.839,6RCOAR93Gi157qwW771xFG,6RCOAR93Gi157qwW771xFG,Kiss Me Once (Special Edition),2014-03-14
1yYE16ZiGFN2dYFkouN1bQ,Les Sex,0.746,0.872,111.996,-5.526,6RCOAR93Gi157qwW771xFG,6RCOAR93Gi157qwW771xFG,Kiss Me Once (Special Edition),2014-03-14
02QVTlWdmSfDkDdOyPNewF,Kiss Me Once,0.566,0.871,107.019,-4.175,6RCOAR93Gi157qwW771xFG,6RCOAR93Gi157qwW771xFG,Kiss Me Once (Special Edition),2014-03-14
1yVoQDYxtz4annsqezp9x6,Beautiful,0.373,0.467,90.656,-5.788,6RCOAR93Gi157qwW771xFG,6RCOAR93Gi157qwW771xFG,Kiss Me Once (Special Edition),2014-03-14
1Eouef14kgaZ9Gg71LXDlN,Fine,0.631,0.873,122.055,-3.448,6RCOAR93Gi157qwW771xFG,6RCOAR93Gi157qwW771xFG,Kiss Me Once (Special Edition),2014-03-14
2O6IuZ4d5723pn2yxI3SEn,Mr. President,0.667,0.877,127.965,-4.111,6RCOAR93Gi157qwW771xFG,6RCOAR93Gi157qwW771xFG,Kiss Me Once (Special Edition),2014-03-14
5ByASkmNjcFcscTLs2X7wq,Sleeping with the Enemy - Bonus Track,0.651,0.819,117.936,-5.117,6RCOAR93Gi157qwW771xFG,6RCOAR93Gi157qwW771xFG,Kiss Me Once (Special Edition),2014-03-14
35ARjneh0dAxMrZSizhwqz,All the Lovers,0.53,0.544,121.99,-8.647,1BdQWouNev422Pnyrse62b,1BdQWouNev422Pnyrse62b,The Abbey Road Sessions,2012-10-24
7qXkBgwehQZkkxo0ssN51D,On a Night like This,0.659,0.561,117.048,-7.486,1BdQWouNev422Pnyrse62b,1BdQWouNev422Pnyrse62b,The Abbey Road Sessions,2012-10-24
2uNrLjD03Eb5fQPKVmkAK7,Better the Devil You Know,0.291,0.208,88.409,-11.737,1BdQWouNev422Pnyrse62b,1BdQWouNev422Pnyrse62b,The Abbey Road Sessions,2012-10-24
76v2ETX3Ze17TEWWIEglDg,Hand on Your Heart,0.608,0.286,93.911,-12.168,1BdQWouNev422Pnyrse62b,1BdQWouNev422Pnyrse62b,The Abbey Road Sessions,2012-10-24
72ymlfizoG9pIpv3OD805H,I Believe in You,0.525,0.204,117.904,-11.603,1BdQWouNev422Pnyrse62b,1BdQWouNev422Pnyrse62b,The Abbey Road Sessions,2012-10-24
5rPF8PzThihTqdRZEAIlQB,Come into My World,0.448,0.278,128.841,-9.38,1BdQWouNev422Pnyrse62b,1BdQWouNev422Pnyrse62b,The Abbey Road Sessions,2012-10-24
4KAXg86hjBUeBcW0JvIKie,Finer Feelings,0.386,0.609,94.11,-8.703,1BdQWouNev422Pnyrse62b,1BdQWouNev422Pnyrse62b,The Abbey Road Sessions,2012-10-24
5Tme4C3BDMrwWKOBXBDtdJ,Confide in Me,0.532,0.352,108.967,-12.011,1BdQWouNev422Pnyrse62b,1BdQWouNev422Pnyrse62b,The Abbey Road Sessions,2012-10-24
1SVq7TdJxpVDQ5ML5gAJr9,Slow,0.636,0.41,124.997,-12.643,1BdQWouNev422Pnyrse62b,1BdQWouNev422Pnyrse62b,The Abbey Road Sessions,2012-10-24
4wesXxipFhZg13VL5ADMo2,The Loco-Motion,0.672,0.881,137.915,-5.281,1BdQWouNev422Pnyrse62b,1BdQWouNev422Pnyrse62b,The Abbey Road Sessions,2012-10-24
46R1lX8kyQSJMUKklSwhT3,Can't Get You out of My Head,0.645,0.578,137.013,-7.606,1BdQWouNev422Pnyrse62b,1BdQWouNev422Pnyrse62b,The Abbey Road Sessions,2012-10-24
4NtVhnFAJNzV9tCIOwdPcX,Where the Wild Roses Grow,0.433,0.239,149.463,-16.056,1BdQWouNev422Pnyrse62b,1BdQWouNev422Pnyrse62b,The Abbey Road Sessions,2012-10-24
3uNhp4Fp1BXZkK942BF5UJ,Flower,0.438,0.392,141.716,-8.976,1BdQWouNev422Pnyrse62b,1BdQWouNev422Pnyrse62b,The Abbey Road Sessions,2012-10-24
790ubVxlXH7JaBnXSZayk9,I Should Be so Lucky,0.242,0.314,85.927,-9.837,1BdQWouNev422Pnyrse62b,1BdQWouNev422Pnyrse62b,The Abbey Road Sessions,2012-10-24
2Xt0QeI5idk6At5hIfNYip,Love at First Sight,0.583,0.416,142.942,-9.584,1BdQWouNev422Pnyrse62b,1BdQWouNev422Pnyrse62b,The Abbey Road Sessions,2012-10-24
35qqC41GJnA6voXwgcqr8V,Never Too Late,0.347,0.143,199.413,-12.581,1BdQWouNev422Pnyrse62b,1BdQWouNev422Pnyrse62b,The Abbey Road Sessions,2012-10-24
19TUVKBvOglczDUAyFeTpm,The Birth of Aphrodite - Intro; Live from Aphrodite / Les Folies,0.134,0.672,62.084,-14.068,6pAsuVN2Uo6rxhY958mJzy,6pAsuVN2Uo6rxhY958mJzy,Aphrodite Les Folies - Live in London,2011-11-28
6aZtUI5DyvAPYfL9Xf44lN,Aphrodite - Live from Aphrodite / Les Folies,0.64,0.926,111.964,-7.696,6pAsuVN2Uo6rxhY958mJzy,6pAsuVN2Uo6rxhY958mJzy,Aphrodite Les Folies - Live in London,2011-11-28
4fmRxCfbQroBKMz6ffYZ3m,The One - Live from Aphrodite / Les Folies,0.539,0.876,123.925,-8.381,6pAsuVN2Uo6rxhY958mJzy,6pAsuVN2Uo6rxhY958mJzy,Aphrodite Les Folies - Live in London,2011-11-28
3b4ecTqPs1i6LVxtOLkKZR,Wow - Live from Aphrodite / Les Folies,0.63,0.896,123.997,-6.942,6pAsuVN2Uo6rxhY958mJzy,6pAsuVN2Uo6rxhY958mJzy,Aphrodite Les Folies - Live in London,2011-11-28
60KG92uPvN9AkW22orTA5k,Illusion - Live from Aphrodite / Les Folies,0.353,0.826,114.074,-9.188,6pAsuVN2Uo6rxhY958mJzy,6pAsuVN2Uo6rxhY958mJzy,Aphrodite Les Folies - Live in London,2011-11-28
6tF1CQuNrXZKxF1Y8a7klf,I Believe in You - Live from Aphrodite / Les Folies,0.45,0.909,124.956,-7.629,6pAsuVN2Uo6rxhY958mJzy,6pAsuVN2Uo6rxhY958mJzy,Aphrodite Les Folies - Live in London,2011-11-28
1NVIPfMi75B5N00VHytvny,Cupid Boy - Live from Aphrodite / Les Folies,0.585,0.87,124.954,-7.426,6pAsuVN2Uo6rxhY958mJzy,6pAsuVN2Uo6rxhY958mJzy,Aphrodite Les Folies - Live in London,2011-11-28
50m21EqsKr5jXdSDcFOHbX,Spinning Around - Live from Aphrodite / Les Folies,0.671,0.914,124.03,-7.061,6pAsuVN2Uo6rxhY958mJzy,6pAsuVN2Uo6rxhY958mJzy,Aphrodite Les Folies - Live in London,2011-11-28
1coXsuQBmYc4dz7wtVvcMB,Get Outta My My Way - Live from Aphrodite / Les Folies,0.603,0.875,128.02,-6.067,6pAsuVN2Uo6rxhY958mJzy,6pAsuVN2Uo6rxhY958mJzy,Aphrodite Les Folies - Live in London,2011-11-28
4VurjqEPzvYJk2SUEy4nQH,What Do I Have to Do - Live from Aphrodite / Les Folies,0.612,0.83,128.001,-7.54,6pAsuVN2Uo6rxhY958mJzy,6pAsuVN2Uo6rxhY958mJzy,Aphrodite Les Folies - Live in London,2011-11-28
7fge59rKZQm4dyFXWluCcx,Everything Is Beautiful - Live from Aphrodite / Les Folies,0.565,0.711,100.003,-8.058,6pAsuVN2Uo6rxhY958mJzy,6pAsuVN2Uo6rxhY958mJzy,Aphrodite Les Folies - Live in London,2011-11-28
0FH6dzoBGwHTfgUrCehpcs,Slow - Live from Aphrodite / Les Folies,0.302,0.753,134.891,-8.494,6pAsuVN2Uo6rxhY958mJzy,6pAsuVN2Uo6rxhY958mJzy,Aphrodite Les Folies - Live in London,2011-11-28
2dP1U9OX5aapfUfNYkr4jS,Confide in Me - Intro; Live from Aphrodite / Les Folies,0.537,0.809,123.961,-9.628,6pAsuVN2Uo6rxhY958mJzy,6pAsuVN2Uo6rxhY958mJzy,Aphrodite Les Folies - Live in London,2011-11-28
1W0aQQXJuTcCRrNkxzGTuB,Confide in Me - Live from Aphrodite / Les Folies,0.592,0.761,116.971,-6.863,6pAsuVN2Uo6rxhY958mJzy,6pAsuVN2Uo6rxhY958mJzy,Aphrodite Les Folies - Live in London,2011-11-28
1h5OjTRtvdPd8Jz5rIhcIx,Can't Get You out of My Head - Live from Aphrodite / Les Folies,0.532,0.947,126.017,-6.788,6pAsuVN2Uo6rxhY958mJzy,6pAsuVN2Uo6rxhY958mJzy,Aphrodite Les Folies - Live in London,2011-11-28
5BLd5wTYrELTR0MOeZl3H1,In My Arms - Live from Aphrodite / Les Folies,0.523,0.912,127.934,-6.746,6pAsuVN2Uo6rxhY958mJzy,6pAsuVN2Uo6rxhY958mJzy,Aphrodite Les Folies - Live in London,2011-11-28
101VEzf14KQcIXTchCcGpS,Looking for an Angel - Live from Aphrodite / Les Folies,0.511,0.622,126.434,-9.702,6pAsuVN2Uo6rxhY958mJzy,6pAsuVN2Uo6rxhY958mJzy,Aphrodite Les Folies - Live in London,2011-11-28
517HoDXS0TgVqxhrgc13Sw,Closer - Live from Aphrodite / Les Folies,0.503,0.813,121.976,-7.958,6pAsuVN2Uo6rxhY958mJzy,6pAsuVN2Uo6rxhY958mJzy,Aphrodite Les Folies - Live in London,2011-11-28
17y5sXB9j1QKc8zw1e89ie,There Must Be an Angel (Playing with My Heart) - Live from Aphrodite / Les Folies,0.48,0.903,124.864,-6.559,6pAsuVN2Uo6rxhY958mJzy,6pAsuVN2Uo6rxhY958mJzy,Aphrodite Les Folies - Live in London,2011-11-28
15xOpxiSsNeNcniaOpAAS1,Love at First Sight / Can't Beat the Feeling - Live from Aphrodite / Les Folies,0.536,0.849,125.038,-6.291,6pAsuVN2Uo6rxhY958mJzy,6pAsuVN2Uo6rxhY958mJzy,Aphrodite Les Folies - Live in London,2011-11-28
7BOTOOQVGL60etnq2CJwPx,If You Don't Love Me - Live from Aphrodite / Les Folies,0.298,0.408,115.121,-10.342,6pAsuVN2Uo6rxhY958mJzy,6pAsuVN2Uo6rxhY958mJzy,Aphrodite Les Folies - Live in London,2011-11-28
1pP3JjXm38G993sKAnhqje,Better the Devil You Know - Live from Aphrodite / Les Folies,0.583,0.962,125.969,-7.351,6pAsuVN2Uo6rxhY958mJzy,6pAsuVN2Uo6rxhY958mJzy,Aphrodite Les Folies - Live in London,2011-11-28
7IXSwlflZRTkR2x1MMvn66,Better Than Today - Live from Aphrodite / Les Folies,0.624,0.731,114.289,-7.484,6pAsuVN2Uo6rxhY958mJzy,6pAsuVN2Uo6rxhY958mJzy,Aphrodite Les Folies - Live in London,2011-11-28
6mWUFgVHKZlVc9SKdoDoy2,Put Your Hands Up (If You Feel Love) - Live from Aphrodite / Les Folies,0.559,0.93,128.012,-4.943,6pAsuVN2Uo6rxhY958mJzy,6pAsuVN2Uo6rxhY958mJzy,Aphrodite Les Folies - Live in London,2011-11-28
5ME5fVYRefLbNk9b0hGMaG,Million Dollar Mermaid - Intro; Live from Aphrodite / Les Folies,0.167,0.349,114.295,-13.123,6pAsuVN2Uo6rxhY958mJzy,6pAsuVN2Uo6rxhY958mJzy,Aphrodite Les Folies - Live in London,2011-11-28
45RTkfRUo4kO5z5pWuWUAl,On a Night like This - Live from Aphrodite / Les Folies,0.524,0.791,128.864,-9.505,6pAsuVN2Uo6rxhY958mJzy,6pAsuVN2Uo6rxhY958mJzy,Aphrodite Les Folies - Live in London,2011-11-28
6CvUuNzR5Sgu7kolaWihs4,All the Lovers - Live from Aphrodite / Les Folies,0.471,0.707,120.02,-8.738,6pAsuVN2Uo6rxhY958mJzy,6pAsuVN2Uo6rxhY958mJzy,Aphrodite Les Folies - Live in London,2011-11-28
18JKvOJ3cXbGUePQWT3bLW,All the Lovers,0.599,0.721,120.048,-6.212,3V5sFyVl69QrnHkZ8tcWnI,3V5sFyVl69QrnHkZ8tcWnI,Aphrodite,2010-06-30
2VZ5Vtjn16RThAvaFz3sJZ,Get Outta My Way,0.581,0.907,127.982,-4.844,3V5sFyVl69QrnHkZ8tcWnI,3V5sFyVl69QrnHkZ8tcWnI,Aphrodite,2010-06-30
06fMq1bfXw19XimNmVTqpa,Put Your Hands Up (If You Feel Love),0.62,0.898,127.953,-5.748,3V5sFyVl69QrnHkZ8tcWnI,3V5sFyVl69QrnHkZ8tcWnI,Aphrodite,2010-06-30
6oPM6Iv0hewSBm2JUKhsrg,Closer,0.516,0.884,123.021,-6.248,3V5sFyVl69QrnHkZ8tcWnI,3V5sFyVl69QrnHkZ8tcWnI,Aphrodite,2010-06-30
4L9oYmOoB4Lsw3tSiv08YQ,Everything Is Beautiful,0.616,0.588,99.993,-7.421,3V5sFyVl69QrnHkZ8tcWnI,3V5sFyVl69QrnHkZ8tcWnI,Aphrodite,2010-06-30
2ttU9n7nBz6aqiwxiElF0G,Aphrodite,0.676,0.951,113.021,-5.223,3V5sFyVl69QrnHkZ8tcWnI,3V5sFyVl69QrnHkZ8tcWnI,Aphrodite,2010-06-30
3flqccnH7EauVICmVkVIGz,Illusion,0.661,0.841,116.998,-5.739,3V5sFyVl69QrnHkZ8tcWnI,3V5sFyVl69QrnHkZ8tcWnI,Aphrodite,2010-06-30
79RuU2HG7oRQwTlWiXJMwf,Better Than Today,0.804,0.798,108.988,-6.178,3V5sFyVl69QrnHkZ8tcWnI,3V5sFyVl69QrnHkZ8tcWnI,Aphrodite,2010-06-30
1adMSfD9grrrZFZyo7ICsJ,Too Much,0.669,0.909,128.995,-4.715,3V5sFyVl69QrnHkZ8tcWnI,3V5sFyVl69QrnHkZ8tcWnI,Aphrodite,2010-06-30
5L7cbaNgw4X6xg5EVkYNiu,Cupid Boy,0.57,0.93,125.064,-4.314,3V5sFyVl69QrnHkZ8tcWnI,3V5sFyVl69QrnHkZ8tcWnI,Aphrodite,2010-06-30
0s1kkhOC80vhmlC8pVZNrI,Looking for an Angel,0.593,0.712,126.496,-6.338,3V5sFyVl69QrnHkZ8tcWnI,3V5sFyVl69QrnHkZ8tcWnI,Aphrodite,2010-06-30
7EH6XwHbkljEICqDBw5AcQ,Can't Beat the Feeling,0.579,0.891,126.335,-4.41,3V5sFyVl69QrnHkZ8tcWnI,3V5sFyVl69QrnHkZ8tcWnI,Aphrodite,2010-06-30
0cGuJo2MUb5Hs0ZiGP2oCw,Overture - Live in New York,0.156,0.666,78.781,-10.259,6RPMswKmk1tC7uYUfvwlaV,6RPMswKmk1tC7uYUfvwlaV,Kylie Live in New York,2009-12-14
67kKpWZjM4zLf3fW690kWb,Light Years - Live in New York,0.469,0.734,125.892,-7.619,6RPMswKmk1tC7uYUfvwlaV,6RPMswKmk1tC7uYUfvwlaV,Kylie Live in New York,2009-12-14
1Rns8ZwpzetZ92hzuHYAfR,Speakerphone - Live in New York,0.305,0.812,124.002,-7.688,6RPMswKmk1tC7uYUfvwlaV,6RPMswKmk1tC7uYUfvwlaV,Kylie Live in New York,2009-12-14
59vizmEc8OPldEmwhqpptl,Come into My World - Live in New York,0.434,0.695,128.035,-7.057,6RPMswKmk1tC7uYUfvwlaV,6RPMswKmk1tC7uYUfvwlaV,Kylie Live in New York,2009-12-14
0Z3dqWqcfLTHlMCi7WsfxQ,In Your Eyes - Live in New York,0.603,0.653,123.987,-8.172,6RPMswKmk1tC7uYUfvwlaV,6RPMswKmk1tC7uYUfvwlaV,Kylie Live in New York,2009-12-14
5ljwDg8hGd2WRCM43gGYDV,Everything Taboo Medley - Live in New York,0.613,0.926,123.006,-5.677,6RPMswKmk1tC7uYUfvwlaV,6RPMswKmk1tC7uYUfvwlaV,Kylie Live in New York,2009-12-14
3rGJrW8JS0INNHQcJnpQuY,Like a Drug - Live in New York,0.328,0.441,116.014,-9.304,6RPMswKmk1tC7uYUfvwlaV,6RPMswKmk1tC7uYUfvwlaV,Kylie Live in New York,2009-12-14
3qHHHZ4jxOYmLhzfF2jQxB,Boombox / Can't Get Blue Monday out of My Head - Live in New York,0.609,0.895,125.997,-6.15,6RPMswKmk1tC7uYUfvwlaV,6RPMswKmk1tC7uYUfvwlaV,Kylie Live in New York,2009-12-14
2AfNzFrhh5X2k7hN1r3Yse,Slow - Live in New York,0.495,0.896,115.111,-6.595,6RPMswKmk1tC7uYUfvwlaV,6RPMswKmk1tC7uYUfvwlaV,Kylie Live in New York,2009-12-14
4gYf2kKjIdfwBZdMVsyzzt,2 Hearts - Live in New York,0.639,0.889,111.975,-4.99,6RPMswKmk1tC7uYUfvwlaV,6RPMswKmk1tC7uYUfvwlaV,Kylie Live in New York,2009-12-14
3dmKUMzvzhXpRhuOITVquo,Red Blooded Woman / Where the Wild Roses Grow - Live in New York,0.608,0.854,139.031,-8.642,6RPMswKmk1tC7uYUfvwlaV,6RPMswKmk1tC7uYUfvwlaV,Kylie Live in New York,2009-12-14
3x3xgbZaDrLOVcxbQLRAXA,Heart Beat Rock - Live in New York,0.542,0.948,120.007,-8.634,6RPMswKmk1tC7uYUfvwlaV,6RPMswKmk1tC7uYUfvwlaV,Kylie Live in New York,2009-12-14
6BnCIMRcAocngK2n5tbsnB,Wow - Live in New York,0.584,0.872,124.047,-5.194,6RPMswKmk1tC7uYUfvwlaV,6RPMswKmk1tC7uYUfvwlaV,Kylie Live in New York,2009-12-14
1mxZP3iAwH2HUA14oRuDXj,White Diamond Theme - Live in New York,0.0983,0.334,171.865,-8.707,6RPMswKmk1tC7uYUfvwlaV,6RPMswKmk1tC7uYUfvwlaV,Kylie Live in New York,2009-12-14
3itsEkdkupUH3WAEcj4h95,White Diamond - Live in New York,0.272,0.222,125.235,-15.171,6RPMswKmk1tC7uYUfvwlaV,6RPMswKmk1tC7uYUfvwlaV,Kylie Live in New York,2009-12-14
4hZObjipnjDV6sdhHwRauZ,Confide in Me - Live in New York,0.55,0.734,105.03,-6.426,6RPMswKmk1tC7uYUfvwlaV,6RPMswKmk1tC7uYUfvwlaV,Kylie Live in New York,2009-12-14
4KNJ77oLIDScil0VBgLB1c,I Believe in You - Live in New York,0.41,0.381,118.038,-7.879,6RPMswKmk1tC7uYUfvwlaV,6RPMswKmk1tC7uYUfvwlaV,Kylie Live in New York,2009-12-14
6R7BYXr7qgpoLbYVbWAg1y,Burning Up / Vogue - Live in New York,0.582,0.844,111.99,-8.098,6RPMswKmk1tC7uYUfvwlaV,6RPMswKmk1tC7uYUfvwlaV,Kylie Live in New York,2009-12-14
2UkbUBGDyf2CMXNuWi7CvQ,The Loco-Motion - Live in New York,0.332,0.628,142.397,-6.791,6RPMswKmk1tC7uYUfvwlaV,6RPMswKmk1tC7uYUfvwlaV,Kylie Live in New York,2009-12-14
3FqPZsnLb2N09jHjLNOAJj,Kids - Live in New York,0.4,0.882,184.547,-5.542,6RPMswKmk1tC7uYUfvwlaV,6RPMswKmk1tC7uYUfvwlaV,Kylie Live in New York,2009-12-14
7j9Hc0CV6SBXacGLK5Oj3w,In My Arms - Live in New York,0.496,0.884,127.968,-4.896,6RPMswKmk1tC7uYUfvwlaV,6RPMswKmk1tC7uYUfvwlaV,Kylie Live in New York,2009-12-14
1tDrGCTjwLufyRJQSoPz15,Better the Devil You Know - Live in New York,0.533,0.942,123.947,-5.189,6RPMswKmk1tC7uYUfvwlaV,6RPMswKmk1tC7uYUfvwlaV,Kylie Live in New York,2009-12-14
6pjg38VSXeKe5ApLDVDjUY,The One - Live in New York,0.288,0.763,127.465,-6.629,6RPMswKmk1tC7uYUfvwlaV,6RPMswKmk1tC7uYUfvwlaV,Kylie Live in New York,2009-12-14
0eVlEPoiAGpu2TUqnLTbxg,I Should Be so Lucky - Live in New York,0.257,0.307,66.816,-11.011,6RPMswKmk1tC7uYUfvwlaV,6RPMswKmk1tC7uYUfvwlaV,Kylie Live in New York,2009-12-14
3oUvgXxLs2qEhas567n1gg,Love at First Sight - Live in New York,0.547,0.913,124.952,-5.372,6RPMswKmk1tC7uYUfvwlaV,6RPMswKmk1tC7uYUfvwlaV,Kylie Live in New York,2009-12-14
7i3qhnxYFlgddPvGyhN26T,2 Hearts,0.667,0.621,111.996,-5.229,6Z8FgyCYgC6ApRi7ZXbT55,6Z8FgyCYgC6ApRi7ZXbT55,X,2007-11-21
6SO8OMIYKxmI0pRNE6HLYv,Like a Drug,0.789,0.555,115.967,-5.461,6Z8FgyCYgC6ApRi7ZXbT55,6Z8FgyCYgC6ApRi7ZXbT55,X,2007-11-21
45TyDwIRFFSib4HMkRmBPx,In My Arms,0.461,0.952,128.052,-3.923,6Z8FgyCYgC6ApRi7ZXbT55,6Z8FgyCYgC6ApRi7ZXbT55,X,2007-11-21
4yim4ho5r5llufNPhGap8K,Speakerphone,0.612,0.732,116.905,-6.805,6Z8FgyCYgC6ApRi7ZXbT55,6Z8FgyCYgC6ApRi7ZXbT55,X,2007-11-21
1xDa5v6zk8bpYV9DmhwOWt,Sensitized,0.598,0.943,96.54,-5.185,6Z8FgyCYgC6ApRi7ZXbT55,6Z8FgyCYgC6ApRi7ZXbT55,X,2007-11-21
0eSwzy08FeJhCAYU3DAaYs,Heart Beat Rock,0.889,0.757,119.943,-3.546,6Z8FgyCYgC6ApRi7ZXbT55,6Z8FgyCYgC6ApRi7ZXbT55,X,2007-11-21
7cFCSiPKUrBtnPUOdpk9Sk,The One,0.546,0.948,123.978,-5.275,6Z8FgyCYgC6ApRi7ZXbT55,6Z8FgyCYgC6ApRi7ZXbT55,X,2007-11-21
3HIWNapTq10hfii66Eo2SW,No More Rain,0.548,0.827,130.011,-7.357,6Z8FgyCYgC6ApRi7ZXbT55,6Z8FgyCYgC6ApRi7ZXbT55,X,2007-11-21
5Oo8Loz3uO7pxDgrufsqt3,All I See,0.82,0.487,100.96,-9.865,6Z8FgyCYgC6ApRi7ZXbT55,6Z8FgyCYgC6ApRi7ZXbT55,X,2007-11-21
2zLLPBqAZOzwgTgv4TJbjn,Stars,0.636,0.874,117.93,-3.505,6Z8FgyCYgC6ApRi7ZXbT55,6Z8FgyCYgC6ApRi7ZXbT55,X,2007-11-21
7xjut3yY1qOBy5Fi1egX0i,Wow,0.654,0.884,124.072,-5.466,6Z8FgyCYgC6ApRi7ZXbT55,6Z8FgyCYgC6ApRi7ZXbT55,X,2007-11-21
0ieBQbrjLez2kidELKpsLc,Nu-di-ty,0.937,0.348,120.962,-6.326,6Z8FgyCYgC6ApRi7ZXbT55,6Z8FgyCYgC6ApRi7ZXbT55,X,2007-11-21
2PqROd3fONUOMzJkO5O0D6,Cosmic,0.436,0.646,79.778,-7.322,6Z8FgyCYgC6ApRi7ZXbT55,6Z8FgyCYgC6ApRi7ZXbT55,X,2007-11-21
6niPzhRyHl4ArGI0EnpkNb,Heart Beat Rock (feat. MC Spank Rock) - Benny Blanco Remix,0.867,0.451,119.976,-6.783,6Z8FgyCYgC6ApRi7ZXbT55,6Z8FgyCYgC6ApRi7ZXbT55,X,2007-11-21
6d20UZGgBeK1xP5g2jDdrl,Overture: The Showgirl Theme - Live in Sydney,0.196,0.624,77.503,-8.306,7308dz44qD4PzSlZRp5Rh7,7308dz44qD4PzSlZRp5Rh7,Showgirl Homecoming (Live),2007-01-08
3b2Sv4ajO7d7rXIOHLhTLS,Better the Devil You Know - Live in Sydney,0.617,0.969,122.02,-5.399,7308dz44qD4PzSlZRp5Rh7,7308dz44qD4PzSlZRp5Rh7,Showgirl Homecoming (Live),2007-01-08
43Ns34iZFoWO5ZnEAHxqJv,In Your Eyes - Live in Sydney,0.623,0.958,124.003,-5.715,7308dz44qD4PzSlZRp5Rh7,7308dz44qD4PzSlZRp5Rh7,Showgirl Homecoming (Live),2007-01-08
2Pn9LFE9XccWw4krKJKlxM,White Diamond - Live in Sydney,0.614,0.822,127.997,-5.98,7308dz44qD4PzSlZRp5Rh7,7308dz44qD4PzSlZRp5Rh7,Showgirl Homecoming (Live),2007-01-08
5vDXztyM20GYnUwUUWo4Og,On a Night Like This - Live in Sydney,0.534,0.878,132.04,-4.961,7308dz44qD4PzSlZRp5Rh7,7308dz44qD4PzSlZRp5Rh7,Showgirl Homecoming (Live),2007-01-08
7kLzbViuc0pslrQyNd3zBT,Everything Taboo (Medley) - Live in Sydney,0.594,0.956,123.02,-4.555,7308dz44qD4PzSlZRp5Rh7,7308dz44qD4PzSlZRp5Rh7,Showgirl Homecoming (Live),2007-01-08
2hGwRLBZHfGsvVaFxNMi1E,Temple Prequel - Live in Sydney,0.275,0.739,99.964,-8.586,7308dz44qD4PzSlZRp5Rh7,7308dz44qD4PzSlZRp5Rh7,Showgirl Homecoming (Live),2007-01-08
1AFPrBsh5AbmY4igAxtOzT,Confide in Me - Live in Sydney,0.56,0.909,103.022,-5.777,7308dz44qD4PzSlZRp5Rh7,7308dz44qD4PzSlZRp5Rh7,Showgirl Homecoming (Live),2007-01-08
33ncc1aDPkhEOYZIASNS3Q,Cowboy Style - Live in Sydney,0.609,0.95,104.976,-6.02,7308dz44qD4PzSlZRp5Rh7,7308dz44qD4PzSlZRp5Rh7,Showgirl Homecoming (Live),2007-01-08
6dGADOTnffS7pX4pblI1pJ,Finer Feelings - Live in Sydney,0.251,0.662,93.873,-6.868,7308dz44qD4PzSlZRp5Rh7,7308dz44qD4PzSlZRp5Rh7,Showgirl Homecoming (Live),2007-01-08
4iOPzAym1TXeXoVaiVAz6q,Too Far - Live in Sydney,0.527,0.894,146.038,-6.563,7308dz44qD4PzSlZRp5Rh7,7308dz44qD4PzSlZRp5Rh7,Showgirl Homecoming (Live),2007-01-08
1rbgq4Buuoz5ffd9U82e7b,Red Blooded Woman - Live in Sydney,0.664,0.958,139.011,-7.09,7308dz44qD4PzSlZRp5Rh7,7308dz44qD4PzSlZRp5Rh7,Showgirl Homecoming (Live),2007-01-08
6wZrnX9YoEGB7dgEKqE4kn,Slow - Live in Sydney,0.714,0.854,115.027,-8.51,7308dz44qD4PzSlZRp5Rh7,7308dz44qD4PzSlZRp5Rh7,Showgirl Homecoming (Live),2007-01-08
6A063805NaFccWCCgglkk9,Kids - Live in Sydney,0.314,0.962,184.659,-4.424,7308dz44qD4PzSlZRp5Rh7,7308dz44qD4PzSlZRp5Rh7,Showgirl Homecoming (Live),2007-01-08
2OBt6b2Q4fp0MzLo7qdJmT,Rainbow Prequel - Live in Sydney,0.164,0.426,127.194,-13.863,7308dz44qD4PzSlZRp5Rh7,7308dz44qD4PzSlZRp5Rh7,Showgirl Homecoming (Live),2007-01-08
4YfNrmpuZvinCEB2cKsStj,Somewhere over the Rainbow - Live,0.135,0.452,93.71,-6.214,7308dz44qD4PzSlZRp5Rh7,7308dz44qD4PzSlZRp5Rh7,Showgirl Homecoming (Live),2007-01-08
3uELe89mJsExOpUOp7Gtzj,Come into My World - Live in Sydney,0.3,0.449,130.095,-6.694,7308dz44qD4PzSlZRp5Rh7,7308dz44qD4PzSlZRp5Rh7,Showgirl Homecoming (Live),2007-01-08
3fQDu0pZvX6AVGbKQV77nl,Chocolate - Live in Sydney,0.522,0.936,93.032,-3.61,7308dz44qD4PzSlZRp5Rh7,7308dz44qD4PzSlZRp5Rh7,Showgirl Homecoming (Live),2007-01-08
7gdtGgPQcSzRYJ6ZpT9QAC,I Believe in You - Live in Sydney,0.444,0.912,120.946,-4.605,7308dz44qD4PzSlZRp5Rh7,7308dz44qD4PzSlZRp5Rh7,Showgirl Homecoming (Live),2007-01-08
3vcSIyGgfSTeK6hrJAEbqx,Dreams - Live in Sydney,0.372,0.799,148.147,-5.887,7308dz44qD4PzSlZRp5Rh7,7308dz44qD4PzSlZRp5Rh7,Showgirl Homecoming (Live),2007-01-08
5t7fAlnFFZOIPr3O9K0RjC,Burning Up - Live in Sydney,0.367,0.955,112.007,-7.202,7308dz44qD4PzSlZRp5Rh7,7308dz44qD4PzSlZRp5Rh7,Showgirl Homecoming (Live),2007-01-08
3zZyxZpVyYAUaEjIo1fgu3,The Loco-Motion - Live in Sydney,0.552,0.789,95.059,-5.6,7308dz44qD4PzSlZRp5Rh7,7308dz44qD4PzSlZRp5Rh7,Showgirl Homecoming (Live),2007-01-08
0TEEmiG9GLHUl1sVU1XoBq,I Should Be so Lucky - Live in Sydney,0.642,0.967,119.976,-5.741,7308dz44qD4PzSlZRp5Rh7,7308dz44qD4PzSlZRp5Rh7,Showgirl Homecoming (Live),2007-01-08
2bKPabbnZUBRmdrP9o0qv1,Hand on Your Heart - Live in Sydney,0.572,0.984,126.003,-5.086,7308dz44qD4PzSlZRp5Rh7,7308dz44qD4PzSlZRp5Rh7,Showgirl Homecoming (Live),2007-01-08
5evq5heXChdooaADIEkhBK,Space Prequel - Live in Sydney,0.322,0.815,94.508,-9.033,7308dz44qD4PzSlZRp5Rh7,7308dz44qD4PzSlZRp5Rh7,Showgirl Homecoming (Live),2007-01-08
0GCyVByfJ1P10BxefDSHoY,Can't Get You out of My Head - Live in Sydney,0.593,0.85,126.028,-5.3,7308dz44qD4PzSlZRp5Rh7,7308dz44qD4PzSlZRp5Rh7,Showgirl Homecoming (Live),2007-01-08
4QzEoO6HEuMeFVloWQGXMj,Light Years - Live in Sydney,0.491,0.878,126.037,-6.89,7308dz44qD4PzSlZRp5Rh7,7308dz44qD4PzSlZRp5Rh7,Showgirl Homecoming (Live),2007-01-08
2iLe3sm6VwVdSmNb0CF6dJ,Especially for You - Live in Sydney,0.481,0.821,82.994,-5.129,7308dz44qD4PzSlZRp5Rh7,7308dz44qD4PzSlZRp5Rh7,Showgirl Homecoming (Live),2007-01-08
2NixkYDfAYz2vpJi5yMjn4,Love at First Sight - Live in Sydney,0.58,0.954,125.031,-5.844,7308dz44qD4PzSlZRp5Rh7,7308dz44qD4PzSlZRp5Rh7,Showgirl Homecoming (Live),2007-01-08
3Q88P7QB30k4iT4kty7nyZ,Slow,0.772,0.845,114.997,-8.082,7vd7tsL9QEJSKX4nvkkP9T,7vd7tsL9QEJSKX4nvkkP9T,Body Language,2003-11-10
2ML6N35GJXtPSqq7SVwSLP,Still Standing,0.791,0.789,115.011,-5.406,7vd7tsL9QEJSKX4nvkkP9T,7vd7tsL9QEJSKX4nvkkP9T,Body Language,2003-11-10
30UTLObABJvKcpWngNyhfU,Secret (Take You Home),0.892,0.566,115.043,-6.829,7vd7tsL9QEJSKX4nvkkP9T,7vd7tsL9QEJSKX4nvkkP9T,Body Language,2003-11-10
4SrwxrMjm8cqJHUcegR9cQ,Promises,0.733,0.778,102.034,-6.892,7vd7tsL9QEJSKX4nvkkP9T,7vd7tsL9QEJSKX4nvkkP9T,Body Language,2003-11-10
2o3eBnqFH9HnNRtsnzNiyE,Sweet Music,0.817,0.696,112.009,-5.393,7vd7tsL9QEJSKX4nvkkP9T,7vd7tsL9QEJSKX4nvkkP9T,Body Language,2003-11-10
4A62ukubxZNeSQ2bUx2tKn,Red Blooded Woman,0.698,0.78,139.023,-6.401,7vd7tsL9QEJSKX4nvkkP9T,7vd7tsL9QEJSKX4nvkkP9T,Body Language,2003-11-10
3RCX4p7p2WMjzxFGjoxY28,Chocolate,0.646,0.751,93.008,-6.964,7vd7tsL9QEJSKX4nvkkP9T,7vd7tsL9QEJSKX4nvkkP9T,Body Language,2003-11-10
1Q4KCrWN0tngLMNX0Ls3ZX,Obsession,0.74,0.895,97.01,-7.411,7vd7tsL9QEJSKX4nvkkP9T,7vd7tsL9QEJSKX4nvkkP9T,Body Language,2003-11-10
0NN4SjybvetG6TrUBkVgDD,I Feel for You,0.68,0.835,119.976,-8.479,7vd7tsL9QEJSKX4nvkkP9T,7vd7tsL9QEJSKX4nvkkP9T,Body Language,2003-11-10
4vEuKkTTweLI4Eu7vQlawn,Someday,0.524,0.692,173.921,-6.539,7vd7tsL9QEJSKX4nvkkP9T,7vd7tsL9QEJSKX4nvkkP9T,Body Language,2003-11-10
09pDDFlNY1wkw67ci85RZl,Loving Days,0.512,0.707,159.818,-6.95,7vd7tsL9QEJSKX4nvkkP9T,7vd7tsL9QEJSKX4nvkkP9T,Body Language,2003-11-10
2uNBzeH1wGy4DkJTIJDgl2,After Dark,0.847,0.403,101.037,-8.268,7vd7tsL9QEJSKX4nvkkP9T,7vd7tsL9QEJSKX4nvkkP9T,Body Language,2003-11-10
6YjCAqtpVi8F1PI9H6HxuV,More More More,0.699,0.922,124.088,-4.981,4WzTXHp8bVKkKNu3UQ2Fqu,4WzTXHp8bVKkKNu3UQ2Fqu,Fever,2001-10-01
6ua8mbyHXTHpAmGyGpFAS2,Love at First Sight,0.603,0.774,124.994,-6.066,4WzTXHp8bVKkKNu3UQ2Fqu,4WzTXHp8bVKkKNu3UQ2Fqu,Fever,2001-10-01
3E7ZwUMJFqpsDOJzEkBrQ7,Can't Get You out of My Head,0.766,0.563,126.007,-7.516,4WzTXHp8bVKkKNu3UQ2Fqu,4WzTXHp8bVKkKNu3UQ2Fqu,Fever,2001-10-01
1AewRvtib1xQhhX7ahD1Kc,Fever,0.802,0.516,114.989,-7.118,4WzTXHp8bVKkKNu3UQ2Fqu,4WzTXHp8bVKkKNu3UQ2Fqu,Fever,2001-10-01
55Ef6l5aVpocNH8RyMvIbl,Give It to Me,0.832,0.83,128.001,-6.446,4WzTXHp8bVKkKNu3UQ2Fqu,4WzTXHp8bVKkKNu3UQ2Fqu,Fever,2001-10-01
3ZiU5siL7ZMYpakEg6X9Q9,Fragile,0.748,0.651,121.997,-7.753,4WzTXHp8bVKkKNu3UQ2Fqu,4WzTXHp8bVKkKNu3UQ2Fqu,Fever,2001-10-01
39DW02MW41A8bBIxH7nT1V,Come into My World - Radio Edit [Radio Edit],0.603,0.835,124.994,-7.303,4WzTXHp8bVKkKNu3UQ2Fqu,4WzTXHp8bVKkKNu3UQ2Fqu,Fever,2001-10-01
1t5nwfsb90IliczIhOMnpJ,In Your Eyes,0.689,0.894,123.971,-6.342,4WzTXHp8bVKkKNu3UQ2Fqu,4WzTXHp8bVKkKNu3UQ2Fqu,Fever,2001-10-01
2Gb7MpMskfGc4c4JDR0Dk5,Dancefloor,0.752,0.755,125.982,-6.243,4WzTXHp8bVKkKNu3UQ2Fqu,4WzTXHp8bVKkKNu3UQ2Fqu,Fever,2001-10-01
0iReGfmVn96YVgK4zG3eZX,Love Affair,0.562,0.884,130.056,-6.217,4WzTXHp8bVKkKNu3UQ2Fqu,4WzTXHp8bVKkKNu3UQ2Fqu,Fever,2001-10-01
6hAilQjG9oHTTPdvIlInDX,Your Love,0.771,0.902,119.993,-5.645,4WzTXHp8bVKkKNu3UQ2Fqu,4WzTXHp8bVKkKNu3UQ2Fqu,Fever,2001-10-01
37Y3IB9ChZ4nZkc2E72Kxq,Burning Up,0.675,0.807,112.052,-6.945,4WzTXHp8bVKkKNu3UQ2Fqu,4WzTXHp8bVKkKNu3UQ2Fqu,Fever,2001-10-01
3DBErzKR7FVxLJvdzGlCLx,Can't Get Blue Monday out of My Head,0.753,0.528,126.007,-8.582,4WzTXHp8bVKkKNu3UQ2Fqu,4WzTXHp8bVKkKNu3UQ2Fqu,Fever,2001-10-01
6wSqd9xHYXx7ICQmiq6ZFc,Love at First Sight - The Scumfrog's Beauty and the Beast Vocal Edit,0.749,0.875,126.987,-7.802,4WzTXHp8bVKkKNu3UQ2Fqu,4WzTXHp8bVKkKNu3UQ2Fqu,Fever,2001-10-01
4TNjyKgPFu693U8V0UD5pK,Can't Get You out of My Head - Deluxe's Dirty Dub,0.652,0.955,130.01,-8.558,4WzTXHp8bVKkKNu3UQ2Fqu,4WzTXHp8bVKkKNu3UQ2Fqu,Fever,2001-10-01
24PpBoTjykxXxpDRITPwSG,In Your Eyes - Roger Sanchez Release the Dub Mix,0.748,0.857,126.01,-9.75,4WzTXHp8bVKkKNu3UQ2Fqu,4WzTXHp8bVKkKNu3UQ2Fqu,Fever,2001-10-01
3nFL304KxqFg3qq7Frm6uN,Love at First Sight - Ruff & Jam US Radio Mix,0.701,0.652,125.001,-8.465,4WzTXHp8bVKkKNu3UQ2Fqu,4WzTXHp8bVKkKNu3UQ2Fqu,Fever,2001-10-01
2LwBlNmiiphrspoFoIZT0T,Come into My World - Fischerspooner Mix,0.596,0.651,129.985,-9.379,4WzTXHp8bVKkKNu3UQ2Fqu,4WzTXHp8bVKkKNu3UQ2Fqu,Fever,2001-10-01
1JWv5Fzw7LwHZb3v5z3wwe,Whenever You Feel Like It,0.731,0.796,130.026,-5.86,4WzTXHp8bVKkKNu3UQ2Fqu,4WzTXHp8bVKkKNu3UQ2Fqu,Fever,2001-10-01
0dopJfNlBNotMl2gTYrzs0,More More More,0.699,0.922,124.088,-4.981,4WnLzmBgzwpotgPqqoIW9t,4WnLzmBgzwpotgPqqoIW9t,Fever,2001-10-01
0NMUFQdEFjftg0BQnyZCsh,Love at First Sight,0.603,0.774,124.994,-6.066,4WnLzmBgzwpotgPqqoIW9t,4WnLzmBgzwpotgPqqoIW9t,Fever,2001-10-01
7tFW27nkp7HvYwLiShMvC8,Can't Get You out of My Head,0.766,0.563,126.007,-7.516,4WnLzmBgzwpotgPqqoIW9t,4WnLzmBgzwpotgPqqoIW9t,Fever,2001-10-01
5z1rUxPjPtu2kL62g70Yze,Fever,0.802,0.516,114.989,-7.118,4WnLzmBgzwpotgPqqoIW9t,4WnLzmBgzwpotgPqqoIW9t,Fever,2001-10-01
5mdgFLoQMh7bPvlUzfSNW1,Give It to Me,0.832,0.83,128.001,-6.446,4WnLzmBgzwpotgPqqoIW9t,4WnLzmBgzwpotgPqqoIW9t,Fever,2001-10-01
2CJwiZ0EzcXtJj889sYg6I,Fragile,0.748,0.651,121.997,-7.753,4WnLzmBgzwpotgPqqoIW9t,4WnLzmBgzwpotgPqqoIW9t,Fever,2001-10-01
5bjSyTYphcRv9eQh0vR7f5,Come into My World - Radio Edit [Radio Edit],0.603,0.835,124.994,-7.303,4WnLzmBgzwpotgPqqoIW9t,4WnLzmBgzwpotgPqqoIW9t,Fever,2001-10-01
1NpmI75cNEKebAY6KLObDI,In Your Eyes,0.689,0.894,123.971,-6.342,4WnLzmBgzwpotgPqqoIW9t,4WnLzmBgzwpotgPqqoIW9t,Fever,2001-10-01
5uqg5kX4sk1eqJkfr12Pzb,Dancefloor,0.752,0.755,125.982,-6.243,4WnLzmBgzwpotgPqqoIW9t,4WnLzmBgzwpotgPqqoIW9t,Fever,2001-10-01
3xQwLGjU7xB7Zhp6Y9i8Dh,Love Affair,0.562,0.884,130.056,-6.217,4WnLzmBgzwpotgPqqoIW9t,4WnLzmBgzwpotgPqqoIW9t,Fever,2001-10-01
1gxXWCuGMi8Oe1mojuMZ2G,Your Love,0.771,0.902,119.993,-5.645,4WnLzmBgzwpotgPqqoIW9t,4WnLzmBgzwpotgPqqoIW9t,Fever,2001-10-01
444wpnNJA55yPVU3IvleMG,Burning Up,0.675,0.807,112.052,-6.945,4WnLzmBgzwpotgPqqoIW9t,4WnLzmBgzwpotgPqqoIW9t,Fever,2001-10-01
4TbYMJ0F0CZtwA8RQhVBfT,Password,0.718,0.871,126.016,-7.36,3vH4V069uawep9By3y6EP7,3vH4V069uawep9By3y6EP7,Light Years,2000-09-25
0JcgDliDqDac8iOFFRm7tZ,Spinning Around,0.757,0.731,120.04,-5.704,3vH4V069uawep9By3y6EP7,3vH4V069uawep9By3y6EP7,Light Years,2000-09-25
2tLbE0bYuG2Nf4tl8dKlNy,On a Night like This,0.597,0.87,129.947,-6.058,3vH4V069uawep9By3y6EP7,3vH4V069uawep9By3y6EP7,Light Years,2000-09-25
3C1jJ8oMqR1PHYH24T4Q3z,So Now Goodbye,0.726,0.834,129.001,-7.48,3vH4V069uawep9By3y6EP7,3vH4V069uawep9By3y6EP7,Light Years,2000-09-25
7x6W0r6kKjPBRmVj4aKXNd,Disco Down,0.593,0.958,129.009,-7.214,3vH4V069uawep9By3y6EP7,3vH4V069uawep9By3y6EP7,Light Years,2000-09-25
1Tjyinq5utTJzW5kKyo5Cl,Loveboat,0.565,0.913,110.977,-3.73,3vH4V069uawep9By3y6EP7,3vH4V069uawep9By3y6EP7,Light Years,2000-09-25
0mkhq75p0pzploX7Gl9BFh,Koocachoo,0.563,0.898,148.9,-7.169,3vH4V069uawep9By3y6EP7,3vH4V069uawep9By3y6EP7,Light Years,2000-09-25
7zaOQVHSOW3mt8T5rafz5B,Your Disco Needs You,0.474,0.872,126.057,-4.931,3vH4V069uawep9By3y6EP7,3vH4V069uawep9By3y6EP7,Light Years,2000-09-25
7edCvyI7mOsdfBGfVhHNR9,Please Stay,0.668,0.732,127.944,-6.722,3vH4V069uawep9By3y6EP7,3vH4V069uawep9By3y6EP7,Light Years,2000-09-25
1jUmwOmrL3Ebr2xFNaPrUy,Bittersweet Goodbye,0.265,0.137,104.976,-12.375,3vH4V069uawep9By3y6EP7,3vH4V069uawep9By3y6EP7,Light Years,2000-09-25
27sMvUbyz4RXxpycUMWcO4,Butterfly,0.622,0.916,132.001,-7.79,3vH4V069uawep9By3y6EP7,3vH4V069uawep9By3y6EP7,Light Years,2000-09-25
3rBkfSNMSSVHHOdRvnhou2,Under the Influence of Love,0.662,0.747,111.665,-7.754,3vH4V069uawep9By3y6EP7,3vH4V069uawep9By3y6EP7,Light Years,2000-09-25
2UlDTwkoUE9QZpD1QQ9v5S,I'm so High,0.633,0.898,127.018,-5.169,3vH4V069uawep9By3y6EP7,3vH4V069uawep9By3y6EP7,Light Years,2000-09-25
1IPRqw2UOJbOPrUhUd49IN,Kids,0.534,0.872,184.62,-4.92,3vH4V069uawep9By3y6EP7,3vH4V069uawep9By3y6EP7,Light Years,2000-09-25
23I7SxHu8fHBA6CVQ7Z0w8,Light Years,0.667,0.765,125.989,-8.383,3vH4V069uawep9By3y6EP7,3vH4V069uawep9By3y6EP7,Light Years,2000-09-25
6aFDlqDjabf1ZeF6EOeZcD,Spinning Around - 7th District Club Mental Mix,0.755,0.752,127.007,-8.609,3vH4V069uawep9By3y6EP7,3vH4V069uawep9By3y6EP7,Light Years,2000-09-25
37PNUjtPKWUKIbK5du2w4u,Spinning Around - Sharp Vocal Mix,0.687,0.985,129.99,-6.658,3vH4V069uawep9By3y6EP7,3vH4V069uawep9By3y6EP7,Light Years,2000-09-25
45Zx8ZcEFhSULdsLGRtpkM,On a Night like This - Rob Searle Mix,0.465,0.842,140.018,-7.579,3vH4V069uawep9By3y6EP7,3vH4V069uawep9By3y6EP7,Light Years,2000-09-25
1nKTHbXYVOH6tuM0u6yYVr,On a Night Like This - Bini and Martini Club Mix,0.731,0.856,127.479,-9.564,3vH4V069uawep9By3y6EP7,3vH4V069uawep9By3y6EP7,Light Years,2000-09-25
7IxzC0ukJNK02ltIFgpBvk,Please Stay - Hatiras Dreamy Dub Mix,0.729,0.903,131.006,-7.559,3vH4V069uawep9By3y6EP7,3vH4V069uawep9By3y6EP7,Light Years,2000-09-25
5MqHbBqicUU0wyXwk7TJR7,Please Stay - 7th District Radio Mix,0.662,0.813,128.079,-7.212,3vH4V069uawep9By3y6EP7,3vH4V069uawep9By3y6EP7,Light Years,2000-09-25
1CLdxBp18V50GCh9NQsNjs,Please Stay - 7th District Club Flava Mix,0.738,0.907,128.001,-6.864,3vH4V069uawep9By3y6EP7,3vH4V069uawep9By3y6EP7,Light Years,2000-09-25
3L6ElyPX3NrPeIRJ0GbXDx,Butterfly - Sandstorm Dub,0.646,0.881,132.026,-8.739,3vH4V069uawep9By3y6EP7,3vH4V069uawep9By3y6EP7,Light Years,2000-09-25
4bFWuwTvFHaPWwVyD6XOBd,Your Disco Needs You - Casino Radio & Club Remix,0.607,0.955,127.984,-4.104,3vH4V069uawep9By3y6EP7,3vH4V069uawep9By3y6EP7,Light Years,2000-09-25
